F1,F2,aiueo
1039.0625,1691.40625,1
945.3125,1691.40625,1
1000,1613.28125,1
933.59375,1652.34375,1
906.25,1527.34375,1
910.15625,1449.21875,1
957.03125,1566.40625,1
917.96875,1644.53125,1
957.03125,1472.65625,1
1078.125,1476.5625,1
953.125,1480.46875,1
937.5,1550.78125,1
906.25,1496.09375,1
941.40625,1449.21875,1
898.4375,1492.1875,1
914.0625,1476.5625,1
957.03125,1410.15625,1
906.25,1421.875,1
1039.0625,1464.84375,1
902.34375,1328.125,1
757.8125,1464.84375,1
726.5625,1429.6875,1
875,1351.5625,1
894.53125,1371.09375,1
941.40625,1410.15625,1
917.96875,1402.34375,1
941.40625,1406.25,1
890.625,1328.125,1
925.78125,1332.03125,1
937.5,1554.6875,1
964.84375,1484.375,1
960.9375,1500,1
996.09375,1445.3125,1
875,1207.03125,1
925.78125,1414.0625,1
917.96875,1367.1875,1
980.46875,1429.6875,1
914.0625,1445.3125,1
933.59375,1585.9375,1
910.15625,1562.5,1
906.25,1570.3125,1
957.03125,1503.90625,1
964.84375,1597.65625,1
933.59375,1601.5625,1
960.9375,1574.21875,1
921.875,1527.34375,1
921.875,1523.4375,1
902.34375,1433.59375,1
964.84375,1425.78125,1
957.03125,1386.71875,1
1062.5,1660.15625,1
933.59375,1726.5625,1
1000,1656.25,1
949.21875,1351.5625,1
929.6875,1265.625,1
921.875,1421.875,1
945.3125,1437.5,1
964.84375,1546.875,1
933.59375,1492.1875,1
925.78125,1628.90625,1
1035.15625,1742.1875,1
1000,1355.46875,1
1039.0625,1453.125,1
988.28125,1472.65625,1
988.28125,1421.875,1
984.375,1519.53125,1
949.21875,1468.75,1
953.125,1503.90625,1
1000,1667.96875,1
906.25,1664.0625,1
925.78125,1250,1
945.3125,1488.28125,1
902.34375,1589.84375,1
832.03125,1601.5625,1
886.71875,1582.03125,1
855.46875,1417.96875,1
910.15625,1445.3125,1
894.53125,1417.96875,1
1011.71875,1449.21875,1
906.25,1375,1
863.28125,1429.6875,1
882.8125,1398.4375,1
976.5625,1484.375,1
1039.0625,1484.375,1
937.5,1414.0625,1
945.3125,1421.875,1
941.40625,1421.875,1
906.25,1417.96875,1
929.6875,1449.21875,1
882.8125,1390.625,1
953.125,1410.15625,1
898.4375,1371.09375,1
964.84375,1703.125,1
921.875,1730.46875,1
910.15625,1683.59375,1
902.34375,1375,1
921.875,1542.96875,1
886.71875,1683.59375,1
910.15625,1269.53125,1
937.5,1582.03125,1
889.0625,1541.40625,1
795.3125,1541.40625,1
850,1463.28125,1
783.59375,1502.34375,1
756.25,1377.34375,1
760.15625,1299.21875,1
807.03125,1416.40625,1
767.96875,1494.53125,1
807.03125,1322.65625,1
928.125,1326.5625,1
803.125,1330.46875,1
787.5,1400.78125,1
756.25,1346.09375,1
791.40625,1299.21875,1
748.4375,1342.1875,1
764.0625,1326.5625,1
807.03125,1260.15625,1
756.25,1271.875,1
889.0625,1314.84375,1
752.34375,1178.125,1
607.8125,1314.84375,1
576.5625,1279.6875,1
725,1201.5625,1
744.53125,1221.09375,1
791.40625,1260.15625,1
767.96875,1252.34375,1
791.40625,1256.25,1
740.625,1178.125,1
775.78125,1182.03125,1
787.5,1404.6875,1
814.84375,1334.375,1
810.9375,1350,1
846.09375,1295.3125,1
725,1057.03125,1
775.78125,1264.0625,1
767.96875,1217.1875,1
830.46875,1279.6875,1
764.0625,1295.3125,1
783.59375,1435.9375,1
760.15625,1412.5,1
756.25,1420.3125,1
807.03125,1353.90625,1
814.84375,1447.65625,1
783.59375,1451.5625,1
810.9375,1424.21875,1
771.875,1377.34375,1
771.875,1373.4375,1
752.34375,1283.59375,1
814.84375,1275.78125,1
807.03125,1236.71875,1
912.5,1510.15625,1
783.59375,1576.5625,1
850,1506.25,1
799.21875,1201.5625,1
779.6875,1115.625,1
771.875,1271.875,1
795.3125,1287.5,1
814.84375,1396.875,1
783.59375,1342.1875,1
775.78125,1478.90625,1
885.15625,1592.1875,1
850,1205.46875,1
889.0625,1303.125,1
838.28125,1322.65625,1
838.28125,1271.875,1
834.375,1369.53125,1
799.21875,1318.75,1
803.125,1353.90625,1
850,1517.96875,1
756.25,1514.0625,1
775.78125,1100,1
795.3125,1338.28125,1
752.34375,1439.84375,1
682.03125,1451.5625,1
736.71875,1432.03125,1
705.46875,1267.96875,1
760.15625,1295.3125,1
744.53125,1267.96875,1
861.71875,1299.21875,1
756.25,1225,1
713.28125,1279.6875,1
732.8125,1248.4375,1
826.5625,1334.375,1
889.0625,1334.375,1
787.5,1264.0625,1
795.3125,1271.875,1
791.40625,1271.875,1
756.25,1267.96875,1
779.6875,1299.21875,1
732.8125,1240.625,1
803.125,1260.15625,1
748.4375,1221.09375,1
814.84375,1553.125,1
771.875,1580.46875,1
760.15625,1533.59375,1
752.34375,1225,1
771.875,1392.96875,1
736.71875,1533.59375,1
760.15625,1119.53125,1
787.5,1432.03125,1
889.0625,1541.40625,1
795.3125,1541.40625,1
850,1463.28125,1
783.59375,1502.34375,1
756.25,1377.34375,1
760.15625,1299.21875,1
807.03125,1416.40625,1
767.96875,1494.53125,1
807.03125,1322.65625,1
928.125,1326.5625,1
803.125,1330.46875,1
787.5,1400.78125,1
756.25,1346.09375,1
791.40625,1299.21875,1
748.4375,1342.1875,1
764.0625,1326.5625,1
807.03125,1260.15625,1
756.25,1271.875,1
889.0625,1314.84375,1
752.34375,1178.125,1
607.8125,1314.84375,1
576.5625,1279.6875,1
725,1201.5625,1
744.53125,1221.09375,1
791.40625,1260.15625,1
767.96875,1252.34375,1
791.40625,1256.25,1
740.625,1178.125,1
775.78125,1182.03125,1
787.5,1404.6875,1
814.84375,1334.375,1
810.9375,1350,1
846.09375,1295.3125,1
725,1057.03125,1
775.78125,1264.0625,1
767.96875,1217.1875,1
830.46875,1279.6875,1
764.0625,1295.3125,1
783.59375,1435.9375,1
760.15625,1412.5,1
756.25,1420.3125,1
807.03125,1353.90625,1
814.84375,1447.65625,1
783.59375,1451.5625,1
810.9375,1424.21875,1
771.875,1377.34375,1
771.875,1373.4375,1
752.34375,1283.59375,1
814.84375,1275.78125,1
807.03125,1236.71875,1
912.5,1510.15625,1
783.59375,1576.5625,1
850,1506.25,1
799.21875,1201.5625,1
779.6875,1115.625,1
771.875,1271.875,1
795.3125,1287.5,1
814.84375,1396.875,1
783.59375,1342.1875,1
775.78125,1478.90625,1
885.15625,1592.1875,1
850,1205.46875,1
889.0625,1303.125,1
838.28125,1322.65625,1
838.28125,1271.875,1
834.375,1369.53125,1
799.21875,1318.75,1
803.125,1353.90625,1
850,1517.96875,1
756.25,1514.0625,1
775.78125,1100,1
795.3125,1338.28125,1
752.34375,1439.84375,1
682.03125,1451.5625,1
736.71875,1432.03125,1
705.46875,1267.96875,1
760.15625,1295.3125,1
744.53125,1267.96875,1
861.71875,1299.21875,1
756.25,1225,1
713.28125,1279.6875,1
732.8125,1248.4375,1
826.5625,1334.375,1
889.0625,1334.375,1
787.5,1264.0625,1
795.3125,1271.875,1
791.40625,1271.875,1
756.25,1267.96875,1
779.6875,1299.21875,1
732.8125,1240.625,1
803.125,1260.15625,1
748.4375,1221.09375,1
814.84375,1553.125,1
771.875,1580.46875,1
760.15625,1533.59375,1
752.34375,1225,1
771.875,1392.96875,1
736.71875,1533.59375,1
760.15625,1119.53125,1
787.5,1432.03125,1
889.0625,1541.40625,1
795.3125,1541.40625,1
850,1463.28125,1
783.59375,1502.34375,1
756.25,1377.34375,1
760.15625,1299.21875,1
807.03125,1416.40625,1
767.96875,1494.53125,1
807.03125,1322.65625,1
928.125,1326.5625,1
803.125,1330.46875,1
787.5,1400.78125,1
756.25,1346.09375,1
791.40625,1299.21875,1
748.4375,1342.1875,1
764.0625,1326.5625,1
807.03125,1260.15625,1
756.25,1271.875,1
889.0625,1314.84375,1
752.34375,1178.125,1
607.8125,1314.84375,1
576.5625,1279.6875,1
725,1201.5625,1
744.53125,1221.09375,1
791.40625,1260.15625,1
767.96875,1252.34375,1
791.40625,1256.25,1
740.625,1178.125,1
775.78125,1182.03125,1
787.5,1404.6875,1
814.84375,1334.375,1
810.9375,1350,1
846.09375,1295.3125,1
725,1057.03125,1
775.78125,1264.0625,1
767.96875,1217.1875,1
830.46875,1279.6875,1
764.0625,1295.3125,1
783.59375,1435.9375,1
760.15625,1412.5,1
756.25,1420.3125,1
807.03125,1353.90625,1
814.84375,1447.65625,1
783.59375,1451.5625,1
810.9375,1424.21875,1
771.875,1377.34375,1
771.875,1373.4375,1
752.34375,1283.59375,1
814.84375,1275.78125,1
807.03125,1236.71875,1
912.5,1510.15625,1
783.59375,1576.5625,1
850,1506.25,1
799.21875,1201.5625,1
779.6875,1115.625,1
771.875,1271.875,1
795.3125,1287.5,1
814.84375,1396.875,1
783.59375,1342.1875,1
775.78125,1478.90625,1
885.15625,1592.1875,1
850,1205.46875,1
889.0625,1303.125,1
838.28125,1322.65625,1
838.28125,1271.875,1
834.375,1369.53125,1
799.21875,1318.75,1
803.125,1353.90625,1
850,1517.96875,1
756.25,1514.0625,1
775.78125,1100,1
795.3125,1338.28125,1
752.34375,1439.84375,1
682.03125,1451.5625,1
736.71875,1432.03125,1
705.46875,1267.96875,1
760.15625,1295.3125,1
744.53125,1267.96875,1
861.71875,1299.21875,1
756.25,1225,1
713.28125,1279.6875,1
732.8125,1248.4375,1
826.5625,1334.375,1
889.0625,1334.375,1
787.5,1264.0625,1
795.3125,1271.875,1
791.40625,1271.875,1
756.25,1267.96875,1
779.6875,1299.21875,1
732.8125,1240.625,1
803.125,1260.15625,1
748.4375,1221.09375,1
814.84375,1553.125,1
771.875,1580.46875,1
760.15625,1533.59375,1
752.34375,1225,1
771.875,1392.96875,1
736.71875,1533.59375,1
760.15625,1119.53125,1
787.5,1432.03125,1
889.0625,1541.40625,1
795.3125,1541.40625,1
850,1463.28125,1
783.59375,1502.34375,1
756.25,1377.34375,1
760.15625,1299.21875,1
807.03125,1416.40625,1
767.96875,1494.53125,1
807.03125,1322.65625,1
928.125,1326.5625,1
803.125,1330.46875,1
787.5,1400.78125,1
756.25,1346.09375,1
791.40625,1299.21875,1
748.4375,1342.1875,1
764.0625,1326.5625,1
807.03125,1260.15625,1
756.25,1271.875,1
889.0625,1314.84375,1
752.34375,1178.125,1
607.8125,1314.84375,1
576.5625,1279.6875,1
725,1201.5625,1
744.53125,1221.09375,1
791.40625,1260.15625,1
767.96875,1252.34375,1
791.40625,1256.25,1
740.625,1178.125,1
775.78125,1182.03125,1
787.5,1404.6875,1
814.84375,1334.375,1
810.9375,1350,1
846.09375,1295.3125,1
725,1057.03125,1
775.78125,1264.0625,1
767.96875,1217.1875,1
830.46875,1279.6875,1
764.0625,1295.3125,1
783.59375,1435.9375,1
760.15625,1412.5,1
756.25,1420.3125,1
807.03125,1353.90625,1
814.84375,1447.65625,1
783.59375,1451.5625,1
810.9375,1424.21875,1
771.875,1377.34375,1
771.875,1373.4375,1
752.34375,1283.59375,1
814.84375,1275.78125,1
807.03125,1236.71875,1
912.5,1510.15625,1
783.59375,1576.5625,1
850,1506.25,1
799.21875,1201.5625,1
779.6875,1115.625,1
771.875,1271.875,1
795.3125,1287.5,1
814.84375,1396.875,1
783.59375,1342.1875,1
775.78125,1478.90625,1
885.15625,1592.1875,1
850,1205.46875,1
889.0625,1303.125,1
838.28125,1322.65625,1
838.28125,1271.875,1
834.375,1369.53125,1
799.21875,1318.75,1
803.125,1353.90625,1
850,1517.96875,1
756.25,1514.0625,1
775.78125,1100,1
795.3125,1338.28125,1
752.34375,1439.84375,1
682.03125,1451.5625,1
736.71875,1432.03125,1
705.46875,1267.96875,1
760.15625,1295.3125,1
744.53125,1267.96875,1
861.71875,1299.21875,1
756.25,1225,1
713.28125,1279.6875,1
732.8125,1248.4375,1
826.5625,1334.375,1
889.0625,1334.375,1
787.5,1264.0625,1
795.3125,1271.875,1
791.40625,1271.875,1
756.25,1267.96875,1
779.6875,1299.21875,1
732.8125,1240.625,1
803.125,1260.15625,1
748.4375,1221.09375,1
814.84375,1553.125,1
771.875,1580.46875,1
760.15625,1533.59375,1
752.34375,1225,1
771.875,1392.96875,1
736.71875,1533.59375,1
760.15625,1119.53125,1
787.5,1432.03125,1
889.0625,1541.40625,1
795.3125,1541.40625,1
850,1463.28125,1
783.59375,1502.34375,1
756.25,1377.34375,1
760.15625,1299.21875,1
807.03125,1416.40625,1
767.96875,1494.53125,1
807.03125,1322.65625,1
928.125,1326.5625,1
803.125,1330.46875,1
787.5,1400.78125,1
756.25,1346.09375,1
791.40625,1299.21875,1
748.4375,1342.1875,1
764.0625,1326.5625,1
807.03125,1260.15625,1
756.25,1271.875,1
889.0625,1314.84375,1
752.34375,1178.125,1
607.8125,1314.84375,1
576.5625,1279.6875,1
725,1201.5625,1
744.53125,1221.09375,1
791.40625,1260.15625,1
767.96875,1252.34375,1
791.40625,1256.25,1
740.625,1178.125,1
775.78125,1182.03125,1
787.5,1404.6875,1
814.84375,1334.375,1
810.9375,1350,1
846.09375,1295.3125,1
725,1057.03125,1
775.78125,1264.0625,1
767.96875,1217.1875,1
830.46875,1279.6875,1
764.0625,1295.3125,1
783.59375,1435.9375,1
760.15625,1412.5,1
756.25,1420.3125,1
807.03125,1353.90625,1
814.84375,1447.65625,1
783.59375,1451.5625,1
810.9375,1424.21875,1
771.875,1377.34375,1
771.875,1373.4375,1
752.34375,1283.59375,1
814.84375,1275.78125,1
807.03125,1236.71875,1
912.5,1510.15625,1
783.59375,1576.5625,1
850,1506.25,1
799.21875,1201.5625,1
779.6875,1115.625,1
771.875,1271.875,1
795.3125,1287.5,1
814.84375,1396.875,1
783.59375,1342.1875,1
775.78125,1478.90625,1
885.15625,1592.1875,1
850,1205.46875,1
889.0625,1303.125,1
838.28125,1322.65625,1
838.28125,1271.875,1
834.375,1369.53125,1
799.21875,1318.75,1
803.125,1353.90625,1
850,1517.96875,1
756.25,1514.0625,1
775.78125,1100,1
795.3125,1338.28125,1
752.34375,1439.84375,1
682.03125,1451.5625,1
736.71875,1432.03125,1
705.46875,1267.96875,1
760.15625,1295.3125,1
744.53125,1267.96875,1
861.71875,1299.21875,1
756.25,1225,1
713.28125,1279.6875,1
732.8125,1248.4375,1
826.5625,1334.375,1
889.0625,1334.375,1
787.5,1264.0625,1
795.3125,1271.875,1
791.40625,1271.875,1
756.25,1267.96875,1
779.6875,1299.21875,1
732.8125,1240.625,1
803.125,1260.15625,1
748.4375,1221.09375,1
814.84375,1553.125,1
771.875,1580.46875,1
760.15625,1533.59375,1
752.34375,1225,1
771.875,1392.96875,1
736.71875,1533.59375,1
760.15625,1119.53125,1
787.5,1432.03125,1
246.09375,3242.1875,2
230.46875,3218.75,2
238.28125,3167.96875,2
242.1875,3207.03125,2
242.1875,3191.40625,2
273.4375,3179.6875,2
250,3273.4375,2
253.90625,3281.25,2
246.09375,3238.28125,2
246.09375,3199.21875,2
246.09375,3207.03125,2
250,3199.21875,2
238.28125,3183.59375,2
250,3144.53125,2
250,3152.34375,2
222.65625,3128.90625,2
246.09375,3214.84375,2
242.1875,3187.5,2
242.1875,3191.40625,2
238.28125,3183.59375,2
242.1875,3175.78125,2
238.28125,3167.96875,2
238.28125,3171.875,2
230.46875,3140.625,2
238.28125,3132.8125,2
261.71875,3195.3125,2
246.09375,3152.34375,2
210.9375,2199.21875,2
226.5625,3144.53125,2
230.46875,3140.625,2
234.375,3144.53125,2
222.65625,3136.71875,2
242.1875,3316.40625,2
230.46875,3148.4375,2
234.375,3210.9375,2
234.375,3238.28125,2
226.5625,3273.4375,2
230.46875,3167.96875,2
230.46875,3125,2
234.375,3097.65625,2
226.5625,3058.59375,2
207.03125,3054.6875,2
242.1875,3343.75,2
230.46875,3328.125,2
218.75,3316.40625,2
234.375,3289.0625,2
230.46875,3289.0625,2
250,3296.875,2
226.5625,3308.59375,2
222.65625,3296.875,2
234.375,3277.34375,2
234.375,3281.25,2
238.28125,3257.8125,2
214.84375,3261.71875,2
238.28125,3281.25,2
230.46875,3242.1875,2
226.5625,3250,2
226.5625,3257.8125,2
222.65625,3265.625,2
222.65625,2097.65625,2
226.5625,3253.90625,2
222.65625,3265.625,2
226.5625,3265.625,2
250,3332.03125,2
226.5625,3359.375,2
234.375,3289.0625,2
230.46875,3273.4375,2
230.46875,2398.4375,2
230.46875,3265.625,2
226.5625,3261.71875,2
222.65625,3234.375,2
226.5625,3230.46875,2
218.75,3207.03125,2
230.46875,3152.34375,2
226.5625,3257.8125,2
238.28125,3308.59375,2
242.1875,3250,2
246.09375,3234.375,2
238.28125,3191.40625,2
246.09375,3226.5625,2
234.375,2214.84375,2
234.375,3160.15625,2
246.09375,3242.1875,2
246.09375,3207.03125,2
242.1875,3203.125,2
246.09375,3203.125,2
238.28125,3210.9375,2
246.09375,3187.5,2
242.1875,3160.15625,2
246.09375,3238.28125,2
218.75,3191.40625,2
269.53125,3066.40625,2
265.625,3144.53125,2
273.4375,2070.3125,2
257.8125,3140.625,2
250,3105.46875,2
253.90625,3109.375,2
250,3281.25,2
253.90625,3125,2
253.90625,3078.125,2
246.09375,2742.1875,2
230.46875,2718.75,2
238.28125,2667.96875,2
242.1875,2707.03125,2
242.1875,2691.40625,2
273.4375,2679.6875,2
250,2773.4375,2
253.90625,2781.25,2
246.09375,2738.28125,2
246.09375,2699.21875,2
246.09375,2707.03125,2
250,2699.21875,2
238.28125,2683.59375,2
250,2644.53125,2
250,2652.34375,2
222.65625,2628.90625,2
246.09375,2714.84375,2
242.1875,2687.5,2
242.1875,2691.40625,2
238.28125,2683.59375,2
242.1875,2675.78125,2
238.28125,2667.96875,2
238.28125,2671.875,2
230.46875,2640.625,2
238.28125,2632.8125,2
261.71875,2695.3125,2
246.09375,2652.34375,2
210.9375,1699.21875,2
226.5625,2644.53125,2
230.46875,2640.625,2
234.375,2644.53125,2
222.65625,2636.71875,2
242.1875,2816.40625,2
230.46875,2648.4375,2
234.375,2710.9375,2
234.375,2738.28125,2
226.5625,2773.4375,2
230.46875,2667.96875,2
230.46875,2625,2
234.375,2597.65625,2
226.5625,2558.59375,2
207.03125,2554.6875,2
242.1875,2843.75,2
230.46875,2828.125,2
218.75,2816.40625,2
234.375,2789.0625,2
230.46875,2789.0625,2
250,2796.875,2
226.5625,2808.59375,2
222.65625,2796.875,2
284.375,2877.34375,2
284.375,2881.25,2
288.28125,2857.8125,2
264.84375,2861.71875,2
288.28125,2881.25,2
280.46875,2842.1875,2
276.5625,2850,2
276.5625,2857.8125,2
272.65625,2865.625,2
272.65625,1697.65625,2
276.5625,2853.90625,2
272.65625,2865.625,2
276.5625,2865.625,2
300,2932.03125,2
276.5625,2959.375,2
284.375,2889.0625,2
280.46875,2873.4375,2
280.46875,1998.4375,2
280.46875,2865.625,2
276.5625,2861.71875,2
272.65625,2834.375,2
276.5625,2830.46875,2
268.75,2807.03125,2
280.46875,2752.34375,2
276.5625,2857.8125,2
288.28125,2908.59375,2
292.1875,2850,2
296.09375,2834.375,2
288.28125,2791.40625,2
296.09375,2826.5625,2
284.375,1814.84375,2
284.375,2760.15625,2
296.09375,2842.1875,2
296.09375,2807.03125,2
292.1875,2803.125,2
296.09375,2803.125,2
288.28125,2810.9375,2
296.09375,2787.5,2
292.1875,2760.15625,2
296.09375,2838.28125,2
268.75,2791.40625,2
319.53125,2666.40625,2
315.625,2744.53125,2
323.4375,1670.3125,2
307.8125,2740.625,2
300,2705.46875,2
303.90625,2709.375,2
300,2881.25,2
303.90625,2725,2
303.90625,2678.125,2
246.09375,2742.1875,2
230.46875,2718.75,2
238.28125,2667.96875,2
242.1875,2707.03125,2
242.1875,2691.40625,2
273.4375,2679.6875,2
250,2773.4375,2
253.90625,2781.25,2
246.09375,2738.28125,2
246.09375,2699.21875,2
246.09375,2707.03125,2
250,2699.21875,2
238.28125,2683.59375,2
250,2644.53125,2
250,2652.34375,2
222.65625,2628.90625,2
246.09375,2714.84375,2
242.1875,2687.5,2
242.1875,2691.40625,2
238.28125,2683.59375,2
242.1875,2675.78125,2
238.28125,2667.96875,2
238.28125,2671.875,2
230.46875,2640.625,2
238.28125,2632.8125,2
261.71875,2695.3125,2
246.09375,2652.34375,2
210.9375,1699.21875,2
226.5625,2644.53125,2
230.46875,2640.625,2
234.375,2644.53125,2
222.65625,2636.71875,2
242.1875,2816.40625,2
230.46875,2648.4375,2
234.375,2710.9375,2
234.375,2738.28125,2
226.5625,2773.4375,2
230.46875,2667.96875,2
230.46875,2625,2
234.375,2597.65625,2
226.5625,2558.59375,2
207.03125,2554.6875,2
242.1875,2843.75,2
230.46875,2828.125,2
218.75,2816.40625,2
234.375,2789.0625,2
230.46875,2789.0625,2
250,2796.875,2
226.5625,2808.59375,2
222.65625,2796.875,2
284.375,2877.34375,2
284.375,2881.25,2
288.28125,2857.8125,2
264.84375,2861.71875,2
288.28125,2881.25,2
280.46875,2842.1875,2
276.5625,2850,2
276.5625,2857.8125,2
272.65625,2865.625,2
272.65625,1697.65625,2
276.5625,2853.90625,2
272.65625,2865.625,2
276.5625,2865.625,2
300,2932.03125,2
276.5625,2959.375,2
284.375,2889.0625,2
280.46875,2873.4375,2
280.46875,1998.4375,2
280.46875,2865.625,2
276.5625,2861.71875,2
272.65625,2834.375,2
276.5625,2830.46875,2
268.75,2807.03125,2
280.46875,2752.34375,2
276.5625,2857.8125,2
288.28125,2908.59375,2
292.1875,2850,2
296.09375,2834.375,2
288.28125,2791.40625,2
296.09375,2826.5625,2
284.375,1814.84375,2
284.375,2760.15625,2
296.09375,2842.1875,2
296.09375,2807.03125,2
292.1875,2803.125,2
296.09375,2803.125,2
288.28125,2810.9375,2
296.09375,2787.5,2
292.1875,2760.15625,2
296.09375,2838.28125,2
268.75,2791.40625,2
319.53125,2666.40625,2
315.625,2744.53125,2
323.4375,1670.3125,2
307.8125,2740.625,2
300,2705.46875,2
303.90625,2709.375,2
300,2881.25,2
303.90625,2725,2
303.90625,2678.125,2
246.09375,2742.1875,2
230.46875,2718.75,2
238.28125,2667.96875,2
242.1875,2707.03125,2
242.1875,2691.40625,2
273.4375,2679.6875,2
250,2773.4375,2
253.90625,2781.25,2
246.09375,2738.28125,2
246.09375,2699.21875,2
246.09375,2707.03125,2
250,2699.21875,2
238.28125,2683.59375,2
250,2644.53125,2
250,2652.34375,2
222.65625,2628.90625,2
246.09375,2714.84375,2
242.1875,2687.5,2
242.1875,2691.40625,2
238.28125,2683.59375,2
242.1875,2675.78125,2
238.28125,2667.96875,2
238.28125,2671.875,2
230.46875,2640.625,2
238.28125,2632.8125,2
261.71875,2695.3125,2
246.09375,2652.34375,2
210.9375,1699.21875,2
226.5625,2644.53125,2
230.46875,2640.625,2
234.375,2644.53125,2
222.65625,2636.71875,2
242.1875,2816.40625,2
230.46875,2648.4375,2
234.375,2710.9375,2
234.375,2738.28125,2
226.5625,2773.4375,2
230.46875,2667.96875,2
230.46875,2625,2
234.375,2597.65625,2
226.5625,2558.59375,2
207.03125,2554.6875,2
242.1875,2843.75,2
230.46875,2828.125,2
218.75,2816.40625,2
234.375,2789.0625,2
230.46875,2789.0625,2
250,2796.875,2
226.5625,2808.59375,2
222.65625,2796.875,2
284.375,2877.34375,2
284.375,2881.25,2
288.28125,2857.8125,2
264.84375,2861.71875,2
288.28125,2881.25,2
280.46875,2842.1875,2
276.5625,2850,2
276.5625,2857.8125,2
272.65625,2865.625,2
272.65625,1697.65625,2
276.5625,2853.90625,2
272.65625,2865.625,2
276.5625,2865.625,2
300,2932.03125,2
276.5625,2959.375,2
284.375,2889.0625,2
280.46875,2873.4375,2
280.46875,1998.4375,2
280.46875,2865.625,2
276.5625,2861.71875,2
272.65625,2834.375,2
276.5625,2830.46875,2
268.75,2807.03125,2
280.46875,2752.34375,2
276.5625,2857.8125,2
288.28125,2908.59375,2
292.1875,2850,2
296.09375,2834.375,2
288.28125,2791.40625,2
296.09375,2826.5625,2
284.375,1814.84375,2
284.375,2760.15625,2
296.09375,2842.1875,2
296.09375,2807.03125,2
292.1875,2803.125,2
296.09375,2803.125,2
288.28125,2810.9375,2
296.09375,2787.5,2
292.1875,2760.15625,2
296.09375,2838.28125,2
268.75,2791.40625,2
319.53125,2666.40625,2
315.625,2744.53125,2
323.4375,1670.3125,2
307.8125,2740.625,2
300,2705.46875,2
303.90625,2709.375,2
300,2881.25,2
303.90625,2725,2
303.90625,2678.125,2
246.09375,2742.1875,2
230.46875,2718.75,2
238.28125,2667.96875,2
242.1875,2707.03125,2
242.1875,2691.40625,2
273.4375,2679.6875,2
250,2773.4375,2
253.90625,2781.25,2
246.09375,2738.28125,2
246.09375,2699.21875,2
246.09375,2707.03125,2
250,2699.21875,2
238.28125,2683.59375,2
250,2644.53125,2
250,2652.34375,2
222.65625,2628.90625,2
246.09375,2714.84375,2
242.1875,2687.5,2
242.1875,2691.40625,2
238.28125,2683.59375,2
242.1875,2675.78125,2
238.28125,2667.96875,2
238.28125,2671.875,2
230.46875,2640.625,2
238.28125,2632.8125,2
261.71875,2695.3125,2
246.09375,2652.34375,2
210.9375,1699.21875,2
226.5625,2644.53125,2
230.46875,2640.625,2
234.375,2644.53125,2
222.65625,2636.71875,2
242.1875,2816.40625,2
230.46875,2648.4375,2
234.375,2710.9375,2
234.375,2738.28125,2
226.5625,2773.4375,2
230.46875,2667.96875,2
230.46875,2625,2
234.375,2597.65625,2
226.5625,2558.59375,2
207.03125,2554.6875,2
242.1875,2843.75,2
230.46875,2828.125,2
218.75,2816.40625,2
234.375,2789.0625,2
230.46875,2789.0625,2
250,2796.875,2
226.5625,2808.59375,2
222.65625,2796.875,2
284.375,2877.34375,2
284.375,2881.25,2
288.28125,2857.8125,2
264.84375,2861.71875,2
288.28125,2881.25,2
280.46875,2842.1875,2
276.5625,2850,2
276.5625,2857.8125,2
272.65625,2865.625,2
272.65625,1697.65625,2
276.5625,2853.90625,2
272.65625,2865.625,2
276.5625,2865.625,2
300,2932.03125,2
276.5625,2959.375,2
284.375,2889.0625,2
280.46875,2873.4375,2
280.46875,1998.4375,2
280.46875,2865.625,2
276.5625,2861.71875,2
272.65625,2834.375,2
276.5625,2830.46875,2
268.75,2807.03125,2
280.46875,2752.34375,2
276.5625,2857.8125,2
288.28125,2908.59375,2
292.1875,2850,2
296.09375,2834.375,2
288.28125,2791.40625,2
296.09375,2826.5625,2
284.375,1814.84375,2
284.375,2760.15625,2
296.09375,2842.1875,2
296.09375,2807.03125,2
292.1875,2803.125,2
296.09375,2803.125,2
288.28125,2810.9375,2
296.09375,2787.5,2
292.1875,2760.15625,2
296.09375,2838.28125,2
268.75,2791.40625,2
319.53125,2666.40625,2
315.625,2744.53125,2
323.4375,1670.3125,2
307.8125,2740.625,2
300,2705.46875,2
303.90625,2709.375,2
300,2881.25,2
303.90625,2725,2
303.90625,2678.125,2
246.09375,2742.1875,2
230.46875,2718.75,2
238.28125,2667.96875,2
242.1875,2707.03125,2
242.1875,2691.40625,2
273.4375,2679.6875,2
250,2773.4375,2
253.90625,2781.25,2
246.09375,2738.28125,2
246.09375,2699.21875,2
246.09375,2707.03125,2
250,2699.21875,2
238.28125,2683.59375,2
250,2644.53125,2
250,2652.34375,2
222.65625,2628.90625,2
246.09375,2714.84375,2
242.1875,2687.5,2
242.1875,2691.40625,2
238.28125,2683.59375,2
242.1875,2675.78125,2
238.28125,2667.96875,2
238.28125,2671.875,2
230.46875,2640.625,2
238.28125,2632.8125,2
261.71875,2695.3125,2
246.09375,2652.34375,2
210.9375,1699.21875,2
226.5625,2644.53125,2
230.46875,2640.625,2
234.375,2644.53125,2
222.65625,2636.71875,2
242.1875,2816.40625,2
230.46875,2648.4375,2
234.375,2710.9375,2
234.375,2738.28125,2
226.5625,2773.4375,2
230.46875,2667.96875,2
230.46875,2625,2
234.375,2597.65625,2
226.5625,2558.59375,2
207.03125,2554.6875,2
242.1875,2843.75,2
230.46875,2828.125,2
218.75,2816.40625,2
234.375,2789.0625,2
230.46875,2789.0625,2
250,2796.875,2
226.5625,2808.59375,2
222.65625,2796.875,2
284.375,2877.34375,2
284.375,2881.25,2
288.28125,2857.8125,2
264.84375,2861.71875,2
288.28125,2881.25,2
280.46875,2842.1875,2
276.5625,2850,2
276.5625,2857.8125,2
272.65625,2865.625,2
272.65625,1697.65625,2
276.5625,2853.90625,2
272.65625,2865.625,2
276.5625,2865.625,2
300,2932.03125,2
276.5625,2959.375,2
284.375,2889.0625,2
280.46875,2873.4375,2
280.46875,1998.4375,2
280.46875,2865.625,2
276.5625,2861.71875,2
272.65625,2834.375,2
276.5625,2830.46875,2
268.75,2807.03125,2
280.46875,2752.34375,2
276.5625,2857.8125,2
288.28125,2908.59375,2
292.1875,2850,2
296.09375,2834.375,2
288.28125,2791.40625,2
296.09375,2826.5625,2
284.375,1814.84375,2
284.375,2760.15625,2
296.09375,2842.1875,2
296.09375,2807.03125,2
292.1875,2803.125,2
296.09375,2803.125,2
288.28125,2810.9375,2
296.09375,2787.5,2
292.1875,2760.15625,2
296.09375,2838.28125,2
268.75,2791.40625,2
319.53125,2666.40625,2
315.625,2744.53125,2
323.4375,1670.3125,2
307.8125,2740.625,2
300,2705.46875,2
303.90625,2709.375,2
300,2881.25,2
303.90625,2725,2
303.90625,2678.125,2
429.6875,1410.15625,3
414.0625,1542.96875,3
433.59375,1585.9375,3
390.625,1480.46875,3
425.78125,1593.75,3
378.90625,1503.90625,3
402.34375,1460.9375,3
375,1460.9375,3
414.0625,1441.40625,3
414.0625,1355.46875,3
421.875,1355.46875,3
421.875,1328.125,3
410.15625,1343.75,3
421.875,1328.125,3
414.0625,1343.75,3
421.875,1343.75,3
421.875,1332.03125,3
421.875,1320.3125,3
425.78125,1324.21875,3
441.40625,1433.59375,3
468.75,1398.4375,3
464.84375,1429.6875,3
453.125,1394.53125,3
457.03125,1437.5,3
449.21875,1417.96875,3
421.875,1433.59375,3
421.875,1414.0625,3
445.3125,1414.0625,3
441.40625,1378.90625,3
468.75,1417.96875,3
468.75,1417.96875,3
464.84375,1445.3125,3
460.9375,1531.25,3
457.03125,1550.78125,3
460.9375,1476.5625,3
453.125,1535.15625,3
457.03125,1578.125,3
433.59375,1578.125,3
453.125,1582.03125,3
453.125,1593.75,3
457.03125,1578.125,3
453.125,1570.3125,3
449.21875,1546.875,3
460.9375,1542.96875,3
460.9375,1566.40625,3
453.125,1574.21875,3
460.9375,1570.3125,3
453.125,1554.6875,3
457.03125,1574.21875,3
429.6875,1382.8125,3
437.5,1507.8125,3
445.3125,1585.9375,3
429.6875,1554.6875,3
429.6875,1546.875,3
429.6875,1453.125,3
445.3125,1558.59375,3
441.40625,1550.78125,3
441.40625,1578.125,3
453.125,1585.9375,3
425.78125,1375,3
507.8125,1269.53125,3
484.375,1515.625,3
421.875,1546.875,3
421.875,1320.3125,3
425.78125,1121.09375,3
406.25,1484.375,3
406.25,1214.84375,3
273.4375,1648.4375,3
339.84375,1578.125,3
402.34375,1625,3
382.8125,1558.59375,3
425.78125,1675.78125,3
425.78125,1695.3125,3
453.125,1351.5625,3
449.21875,1613.28125,3
386.71875,1472.65625,3
367.1875,1449.21875,3
406.25,1585.9375,3
410.15625,1718.75,3
488.28125,1503.90625,3
445.3125,1710.9375,3
429.6875,1328.125,3
433.59375,1433.59375,3
425.78125,1453.125,3
425.78125,1519.53125,3
417.96875,1449.21875,3
437.5,1359.375,3
429.6875,1605.46875,3
414.0625,1550.78125,3
390.625,1464.84375,3
375,1527.34375,3
410.15625,1460.9375,3
406.25,1503.90625,3
453.125,1582.03125,3
460.9375,1683.59375,3
457.03125,1621.09375,3
414.0625,1425.78125,3
449.21875,1496.09375,3
417.96875,1531.25,3
421.875,1562.5,3
329.6875,1410.15625,3
314.0625,1542.96875,3
333.59375,1585.9375,3
290.625,1480.46875,3
325.78125,1593.75,3
278.90625,1503.90625,3
302.34375,1460.9375,3
275,1460.9375,3
314.0625,1441.40625,3
314.0625,1355.46875,3
321.875,1355.46875,3
321.875,1328.125,3
310.15625,1343.75,3
321.875,1328.125,3
314.0625,1343.75,3
321.875,1343.75,3
321.875,1332.03125,3
321.875,1320.3125,3
325.78125,1324.21875,3
341.40625,1433.59375,3
368.75,1398.4375,3
364.84375,1429.6875,3
353.125,1394.53125,3
357.03125,1437.5,3
349.21875,1417.96875,3
321.875,1433.59375,3
321.875,1414.0625,3
345.3125,1414.0625,3
341.40625,1378.90625,3
368.75,1417.96875,3
368.75,1417.96875,3
364.84375,1445.3125,3
360.9375,1531.25,3
357.03125,1550.78125,3
360.9375,1476.5625,3
353.125,1535.15625,3
357.03125,1578.125,3
333.59375,1578.125,3
353.125,1582.03125,3
353.125,1593.75,3
357.03125,1578.125,3
353.125,1570.3125,3
349.21875,1546.875,3
360.9375,1542.96875,3
360.9375,1566.40625,3
353.125,1574.21875,3
360.9375,1570.3125,3
353.125,1554.6875,3
357.03125,1574.21875,3
329.6875,1382.8125,3
337.5,1507.8125,3
345.3125,1585.9375,3
329.6875,1554.6875,3
329.6875,1546.875,3
329.6875,1453.125,3
345.3125,1558.59375,3
341.40625,1550.78125,3
341.40625,1578.125,3
353.125,1585.9375,3
325.78125,1375,3
407.8125,1269.53125,3
384.375,1515.625,3
321.875,1546.875,3
321.875,1320.3125,3
325.78125,1121.09375,3
306.25,1484.375,3
306.25,1214.84375,3
173.4375,1648.4375,3
239.84375,1578.125,3
302.34375,1625,3
282.8125,1558.59375,3
325.78125,1675.78125,3
325.78125,1695.3125,3
353.125,1351.5625,3
349.21875,1613.28125,3
286.71875,1472.65625,3
267.1875,1449.21875,3
306.25,1585.9375,3
310.15625,1718.75,3
388.28125,1503.90625,3
345.3125,1710.9375,3
329.6875,1328.125,3
333.59375,1433.59375,3
325.78125,1453.125,3
325.78125,1519.53125,3
317.96875,1449.21875,3
337.5,1359.375,3
329.6875,1605.46875,3
314.0625,1550.78125,3
290.625,1464.84375,3
275,1527.34375,3
310.15625,1460.9375,3
306.25,1503.90625,3
353.125,1582.03125,3
360.9375,1683.59375,3
357.03125,1621.09375,3
314.0625,1425.78125,3
349.21875,1496.09375,3
317.96875,1531.25,3
321.875,1562.5,3
329.6875,1410.15625,3
314.0625,1542.96875,3
333.59375,1585.9375,3
290.625,1480.46875,3
325.78125,1593.75,3
278.90625,1503.90625,3
302.34375,1460.9375,3
275,1460.9375,3
314.0625,1441.40625,3
314.0625,1355.46875,3
321.875,1355.46875,3
321.875,1328.125,3
310.15625,1343.75,3
321.875,1328.125,3
314.0625,1343.75,3
321.875,1343.75,3
321.875,1332.03125,3
321.875,1320.3125,3
325.78125,1324.21875,3
341.40625,1433.59375,3
368.75,1398.4375,3
364.84375,1429.6875,3
353.125,1394.53125,3
357.03125,1437.5,3
349.21875,1417.96875,3
321.875,1433.59375,3
321.875,1414.0625,3
345.3125,1414.0625,3
341.40625,1378.90625,3
368.75,1417.96875,3
368.75,1417.96875,3
364.84375,1445.3125,3
360.9375,1531.25,3
357.03125,1550.78125,3
360.9375,1476.5625,3
353.125,1535.15625,3
357.03125,1578.125,3
333.59375,1578.125,3
353.125,1582.03125,3
353.125,1593.75,3
357.03125,1578.125,3
353.125,1570.3125,3
349.21875,1546.875,3
360.9375,1542.96875,3
360.9375,1566.40625,3
353.125,1574.21875,3
360.9375,1570.3125,3
353.125,1554.6875,3
357.03125,1574.21875,3
329.6875,1382.8125,3
337.5,1507.8125,3
345.3125,1585.9375,3
329.6875,1554.6875,3
329.6875,1546.875,3
329.6875,1453.125,3
345.3125,1558.59375,3
341.40625,1550.78125,3
341.40625,1578.125,3
353.125,1585.9375,3
325.78125,1375,3
407.8125,1269.53125,3
384.375,1515.625,3
321.875,1546.875,3
321.875,1320.3125,3
325.78125,1121.09375,3
306.25,1484.375,3
306.25,1214.84375,3
173.4375,1648.4375,3
239.84375,1578.125,3
302.34375,1625,3
282.8125,1558.59375,3
325.78125,1675.78125,3
325.78125,1695.3125,3
353.125,1351.5625,3
349.21875,1613.28125,3
286.71875,1472.65625,3
267.1875,1449.21875,3
306.25,1585.9375,3
310.15625,1718.75,3
388.28125,1503.90625,3
345.3125,1710.9375,3
329.6875,1328.125,3
333.59375,1433.59375,3
325.78125,1453.125,3
325.78125,1519.53125,3
317.96875,1449.21875,3
337.5,1359.375,3
329.6875,1605.46875,3
314.0625,1550.78125,3
290.625,1464.84375,3
275,1527.34375,3
310.15625,1460.9375,3
306.25,1503.90625,3
353.125,1582.03125,3
360.9375,1683.59375,3
357.03125,1621.09375,3
314.0625,1425.78125,3
349.21875,1496.09375,3
317.96875,1531.25,3
321.875,1562.5,3
329.6875,1410.15625,3
314.0625,1542.96875,3
333.59375,1585.9375,3
290.625,1480.46875,3
325.78125,1593.75,3
278.90625,1503.90625,3
302.34375,1460.9375,3
275,1460.9375,3
314.0625,1441.40625,3
314.0625,1355.46875,3
321.875,1355.46875,3
321.875,1328.125,3
310.15625,1343.75,3
321.875,1328.125,3
314.0625,1343.75,3
321.875,1343.75,3
321.875,1332.03125,3
321.875,1320.3125,3
325.78125,1324.21875,3
341.40625,1433.59375,3
368.75,1398.4375,3
364.84375,1429.6875,3
353.125,1394.53125,3
357.03125,1437.5,3
349.21875,1417.96875,3
321.875,1433.59375,3
321.875,1414.0625,3
345.3125,1414.0625,3
341.40625,1378.90625,3
368.75,1417.96875,3
368.75,1417.96875,3
364.84375,1445.3125,3
360.9375,1531.25,3
357.03125,1550.78125,3
360.9375,1476.5625,3
353.125,1535.15625,3
357.03125,1578.125,3
333.59375,1578.125,3
353.125,1582.03125,3
353.125,1593.75,3
357.03125,1578.125,3
353.125,1570.3125,3
349.21875,1546.875,3
360.9375,1542.96875,3
360.9375,1566.40625,3
353.125,1574.21875,3
360.9375,1570.3125,3
353.125,1554.6875,3
357.03125,1574.21875,3
329.6875,1382.8125,3
337.5,1507.8125,3
345.3125,1585.9375,3
329.6875,1554.6875,3
329.6875,1546.875,3
329.6875,1453.125,3
345.3125,1558.59375,3
341.40625,1550.78125,3
341.40625,1578.125,3
353.125,1585.9375,3
325.78125,1375,3
407.8125,1269.53125,3
384.375,1515.625,3
321.875,1546.875,3
321.875,1320.3125,3
325.78125,1121.09375,3
306.25,1484.375,3
306.25,1214.84375,3
173.4375,1648.4375,3
239.84375,1578.125,3
302.34375,1625,3
282.8125,1558.59375,3
325.78125,1675.78125,3
325.78125,1695.3125,3
353.125,1351.5625,3
349.21875,1613.28125,3
286.71875,1472.65625,3
267.1875,1449.21875,3
306.25,1585.9375,3
310.15625,1718.75,3
388.28125,1503.90625,3
345.3125,1710.9375,3
329.6875,1328.125,3
333.59375,1433.59375,3
325.78125,1453.125,3
325.78125,1519.53125,3
317.96875,1449.21875,3
337.5,1359.375,3
329.6875,1605.46875,3
314.0625,1550.78125,3
290.625,1464.84375,3
275,1527.34375,3
310.15625,1460.9375,3
306.25,1503.90625,3
353.125,1582.03125,3
360.9375,1683.59375,3
357.03125,1621.09375,3
314.0625,1425.78125,3
349.21875,1496.09375,3
317.96875,1531.25,3
321.875,1562.5,3
329.6875,1410.15625,3
314.0625,1542.96875,3
333.59375,1585.9375,3
290.625,1480.46875,3
325.78125,1593.75,3
278.90625,1503.90625,3
302.34375,1460.9375,3
275,1460.9375,3
314.0625,1441.40625,3
314.0625,1355.46875,3
321.875,1355.46875,3
321.875,1328.125,3
310.15625,1343.75,3
321.875,1328.125,3
314.0625,1343.75,3
321.875,1343.75,3
321.875,1332.03125,3
321.875,1320.3125,3
325.78125,1324.21875,3
341.40625,1433.59375,3
368.75,1398.4375,3
364.84375,1429.6875,3
353.125,1394.53125,3
357.03125,1437.5,3
349.21875,1417.96875,3
321.875,1433.59375,3
321.875,1414.0625,3
345.3125,1414.0625,3
341.40625,1378.90625,3
368.75,1417.96875,3
368.75,1417.96875,3
364.84375,1445.3125,3
360.9375,1531.25,3
357.03125,1550.78125,3
360.9375,1476.5625,3
353.125,1535.15625,3
357.03125,1578.125,3
333.59375,1578.125,3
353.125,1582.03125,3
353.125,1593.75,3
357.03125,1578.125,3
353.125,1570.3125,3
349.21875,1546.875,3
360.9375,1542.96875,3
360.9375,1566.40625,3
353.125,1574.21875,3
360.9375,1570.3125,3
353.125,1554.6875,3
357.03125,1574.21875,3
329.6875,1382.8125,3
337.5,1507.8125,3
345.3125,1585.9375,3
329.6875,1554.6875,3
329.6875,1546.875,3
329.6875,1453.125,3
345.3125,1558.59375,3
341.40625,1550.78125,3
341.40625,1578.125,3
353.125,1585.9375,3
325.78125,1375,3
407.8125,1269.53125,3
384.375,1515.625,3
321.875,1546.875,3
321.875,1320.3125,3
325.78125,1121.09375,3
306.25,1484.375,3
306.25,1214.84375,3
173.4375,1648.4375,3
239.84375,1578.125,3
302.34375,1625,3
282.8125,1558.59375,3
325.78125,1675.78125,3
325.78125,1695.3125,3
353.125,1351.5625,3
349.21875,1613.28125,3
286.71875,1472.65625,3
267.1875,1449.21875,3
306.25,1585.9375,3
310.15625,1718.75,3
388.28125,1503.90625,3
345.3125,1710.9375,3
329.6875,1328.125,3
333.59375,1433.59375,3
325.78125,1453.125,3
325.78125,1519.53125,3
317.96875,1449.21875,3
337.5,1359.375,3
329.6875,1605.46875,3
314.0625,1550.78125,3
290.625,1464.84375,3
275,1527.34375,3
310.15625,1460.9375,3
306.25,1503.90625,3
353.125,1582.03125,3
360.9375,1683.59375,3
357.03125,1621.09375,3
314.0625,1425.78125,3
349.21875,1496.09375,3
317.96875,1531.25,3
321.875,1562.5,3
329.6875,1410.15625,3
314.0625,1542.96875,3
333.59375,1585.9375,3
290.625,1480.46875,3
325.78125,1593.75,3
278.90625,1503.90625,3
302.34375,1460.9375,3
275,1460.9375,3
314.0625,1441.40625,3
314.0625,1355.46875,3
321.875,1355.46875,3
321.875,1328.125,3
310.15625,1343.75,3
321.875,1328.125,3
314.0625,1343.75,3
321.875,1343.75,3
321.875,1332.03125,3
321.875,1320.3125,3
325.78125,1324.21875,3
341.40625,1433.59375,3
368.75,1398.4375,3
364.84375,1429.6875,3
353.125,1394.53125,3
357.03125,1437.5,3
349.21875,1417.96875,3
321.875,1433.59375,3
321.875,1414.0625,3
345.3125,1414.0625,3
341.40625,1378.90625,3
368.75,1417.96875,3
368.75,1417.96875,3
364.84375,1445.3125,3
360.9375,1531.25,3
357.03125,1550.78125,3
360.9375,1476.5625,3
353.125,1535.15625,3
357.03125,1578.125,3
333.59375,1578.125,3
353.125,1582.03125,3
353.125,1593.75,3
357.03125,1578.125,3
353.125,1570.3125,3
349.21875,1546.875,3
360.9375,1542.96875,3
360.9375,1566.40625,3
353.125,1574.21875,3
360.9375,1570.3125,3
353.125,1554.6875,3
357.03125,1574.21875,3
329.6875,1382.8125,3
337.5,1507.8125,3
345.3125,1585.9375,3
329.6875,1554.6875,3
329.6875,1546.875,3
329.6875,1453.125,3
345.3125,1558.59375,3
341.40625,1550.78125,3
341.40625,1578.125,3
353.125,1585.9375,3
325.78125,1375,3
407.8125,1269.53125,3
384.375,1515.625,3
321.875,1546.875,3
321.875,1320.3125,3
325.78125,1121.09375,3
306.25,1484.375,3
306.25,1214.84375,3
173.4375,1648.4375,3
239.84375,1578.125,3
302.34375,1625,3
282.8125,1558.59375,3
325.78125,1675.78125,3
325.78125,1695.3125,3
353.125,1351.5625,3
349.21875,1613.28125,3
286.71875,1472.65625,3
267.1875,1449.21875,3
306.25,1585.9375,3
310.15625,1718.75,3
388.28125,1503.90625,3
345.3125,1710.9375,3
329.6875,1328.125,3
333.59375,1433.59375,3
325.78125,1453.125,3
325.78125,1519.53125,3
317.96875,1449.21875,3
337.5,1359.375,3
329.6875,1605.46875,3
314.0625,1550.78125,3
290.625,1464.84375,3
275,1527.34375,3
310.15625,1460.9375,3
306.25,1503.90625,3
353.125,1582.03125,3
360.9375,1683.59375,3
357.03125,1621.09375,3
314.0625,1425.78125,3
349.21875,1496.09375,3
317.96875,1531.25,3
321.875,1562.5,3
417.96875,2570.3125,4
402.34375,2539.0625,4
410.15625,2554.6875,4
410.15625,2605.46875,4
429.6875,2519.53125,4
410.15625,2562.5,4
421.875,2531.25,4
433.59375,2523.4375,4
406.25,2527.34375,4
441.40625,2609.375,4
425.78125,2546.875,4
421.875,2535.15625,4
445.3125,2523.4375,4
429.6875,2539.0625,4
402.34375,2527.34375,4
472.65625,2585.9375,4
460.9375,2535.15625,4
437.5,2566.40625,4
449.21875,2562.5,4
441.40625,2546.875,4
406.25,2523.4375,4
445.3125,2546.875,4
441.40625,2519.53125,4
437.5,2531.25,4
402.34375,2636.71875,4
406.25,2613.28125,4
460.9375,2480.46875,4
589.84375,2644.53125,4
449.21875,2597.65625,4
496.09375,2578.125,4
480.46875,2574.21875,4
449.21875,2570.3125,4
414.0625,2546.875,4
441.40625,2554.6875,4
472.65625,2539.0625,4
414.0625,2562.5,4
406.25,2652.34375,4
402.34375,2628.90625,4
402.34375,2609.375,4
410.15625,2625,4
445.3125,2695.3125,4
421.875,2605.46875,4
601.5625,2597.65625,4
421.875,2632.8125,4
437.5,2542.96875,4
429.6875,2644.53125,4
429.6875,2578.125,4
417.96875,2542.96875,4
414.0625,2566.40625,4
410.15625,2558.59375,4
414.0625,2546.875,4
484.375,2511.71875,4
429.6875,2578.125,4
457.03125,2519.53125,4
449.21875,2558.59375,4
445.3125,2562.5,4
417.96875,2574.21875,4
414.0625,2492.1875,4
406.25,2472.65625,4
417.96875,2484.375,4
457.03125,2539.0625,4
437.5,2570.3125,4
429.6875,2636.71875,4
406.25,2636.71875,4
476.5625,2542.96875,4
460.9375,2539.0625,4
464.84375,2507.8125,4
429.6875,2632.8125,4
410.15625,2605.46875,4
410.15625,2546.875,4
441.40625,2605.46875,4
476.5625,2375,4
453.125,2453.125,4
449.21875,2484.375,4
449.21875,2457.03125,4
433.59375,2597.65625,4
425.78125,2574.21875,4
441.40625,2632.8125,4
410.15625,2542.96875,4
421.875,2500,4
417.96875,2539.0625,4
421.875,2578.125,4
414.0625,2601.5625,4
414.0625,2593.75,4
417.96875,2542.96875,4
421.875,2527.34375,4
402.34375,2593.75,4
417.96875,2468.75,4
437.5,2640.625,4
429.6875,2527.34375,4
406.25,2570.3125,4
441.40625,2554.6875,4
441.40625,2523.4375,4
433.59375,2500,4
445.3125,2671.875,4
449.21875,2582.03125,4
453.125,2488.28125,4
425.78125,2496.09375,4
429.6875,2558.59375,4
417.96875,2519.53125,4
417.96875,2270.3125,4
402.34375,2239.0625,4
410.15625,2254.6875,4
410.15625,2305.46875,4
429.6875,2219.53125,4
410.15625,2262.5,4
421.875,2231.25,4
433.59375,2223.4375,4
406.25,2227.34375,4
441.40625,2309.375,4
425.78125,2246.875,4
421.875,2235.15625,4
445.3125,2223.4375,4
429.6875,2239.0625,4
402.34375,2227.34375,4
472.65625,2285.9375,4
460.9375,2235.15625,4
437.5,2266.40625,4
449.21875,2262.5,4
441.40625,2246.875,4
406.25,2223.4375,4
445.3125,2246.875,4
441.40625,2219.53125,4
437.5,2231.25,4
402.34375,2336.71875,4
406.25,2313.28125,4
460.9375,2180.46875,4
589.84375,2344.53125,4
449.21875,2297.65625,4
496.09375,2278.125,4
480.46875,2274.21875,4
449.21875,2270.3125,4
414.0625,2246.875,4
441.40625,2254.6875,4
472.65625,2239.0625,4
414.0625,2262.5,4
406.25,2352.34375,4
402.34375,2328.90625,4
402.34375,2309.375,4
410.15625,2325,4
445.3125,2395.3125,4
421.875,2305.46875,4
601.5625,2297.65625,4
421.875,2332.8125,4
437.5,2242.96875,4
429.6875,2344.53125,4
429.6875,2278.125,4
417.96875,2242.96875,4
414.0625,2266.40625,4
410.15625,2258.59375,4
514.0625,2446.875,4
584.375,2411.71875,4
529.6875,2478.125,4
557.03125,2419.53125,4
549.21875,2458.59375,4
545.3125,2462.5,4
517.96875,2474.21875,4
514.0625,2392.1875,4
506.25,2372.65625,4
517.96875,2384.375,4
557.03125,2439.0625,4
537.5,2470.3125,4
529.6875,2536.71875,4
506.25,2536.71875,4
576.5625,2442.96875,4
560.9375,2439.0625,4
564.84375,2407.8125,4
529.6875,2532.8125,4
510.15625,2505.46875,4
510.15625,2446.875,4
541.40625,2505.46875,4
576.5625,2275,4
553.125,2353.125,4
549.21875,2384.375,4
549.21875,2357.03125,4
533.59375,2497.65625,4
525.78125,2474.21875,4
541.40625,2532.8125,4
510.15625,2442.96875,4
521.875,2400,4
517.96875,2439.0625,4
521.875,2478.125,4
514.0625,2501.5625,4
514.0625,2493.75,4
517.96875,2442.96875,4
521.875,2427.34375,4
502.34375,2493.75,4
517.96875,2368.75,4
537.5,2540.625,4
529.6875,2427.34375,4
506.25,2470.3125,4
541.40625,2454.6875,4
541.40625,2423.4375,4
533.59375,2400,4
545.3125,2571.875,4
549.21875,2482.03125,4
553.125,2388.28125,4
525.78125,2396.09375,4
529.6875,2458.59375,4
517.96875,2419.53125,4
417.96875,2270.3125,4
402.34375,2239.0625,4
410.15625,2254.6875,4
410.15625,2305.46875,4
429.6875,2219.53125,4
410.15625,2262.5,4
421.875,2231.25,4
433.59375,2223.4375,4
406.25,2227.34375,4
441.40625,2309.375,4
425.78125,2246.875,4
421.875,2235.15625,4
445.3125,2223.4375,4
429.6875,2239.0625,4
402.34375,2227.34375,4
472.65625,2285.9375,4
460.9375,2235.15625,4
437.5,2266.40625,4
449.21875,2262.5,4
441.40625,2246.875,4
406.25,2223.4375,4
445.3125,2246.875,4
441.40625,2219.53125,4
437.5,2231.25,4
402.34375,2336.71875,4
406.25,2313.28125,4
460.9375,2180.46875,4
589.84375,2344.53125,4
449.21875,2297.65625,4
496.09375,2278.125,4
480.46875,2274.21875,4
449.21875,2270.3125,4
414.0625,2246.875,4
441.40625,2254.6875,4
472.65625,2239.0625,4
414.0625,2262.5,4
406.25,2352.34375,4
402.34375,2328.90625,4
402.34375,2309.375,4
410.15625,2325,4
445.3125,2395.3125,4
421.875,2305.46875,4
601.5625,2297.65625,4
421.875,2332.8125,4
437.5,2242.96875,4
429.6875,2344.53125,4
429.6875,2278.125,4
417.96875,2242.96875,4
414.0625,2266.40625,4
410.15625,2258.59375,4
514.0625,2446.875,4
584.375,2411.71875,4
529.6875,2478.125,4
557.03125,2419.53125,4
549.21875,2458.59375,4
545.3125,2462.5,4
517.96875,2474.21875,4
514.0625,2392.1875,4
506.25,2372.65625,4
517.96875,2384.375,4
557.03125,2439.0625,4
537.5,2470.3125,4
529.6875,2536.71875,4
506.25,2536.71875,4
576.5625,2442.96875,4
560.9375,2439.0625,4
564.84375,2407.8125,4
529.6875,2532.8125,4
510.15625,2505.46875,4
510.15625,2446.875,4
541.40625,2505.46875,4
576.5625,2275,4
553.125,2353.125,4
549.21875,2384.375,4
549.21875,2357.03125,4
533.59375,2497.65625,4
525.78125,2474.21875,4
541.40625,2532.8125,4
510.15625,2442.96875,4
521.875,2400,4
517.96875,2439.0625,4
521.875,2478.125,4
514.0625,2501.5625,4
514.0625,2493.75,4
517.96875,2442.96875,4
521.875,2427.34375,4
502.34375,2493.75,4
517.96875,2368.75,4
537.5,2540.625,4
529.6875,2427.34375,4
506.25,2470.3125,4
541.40625,2454.6875,4
541.40625,2423.4375,4
533.59375,2400,4
545.3125,2571.875,4
549.21875,2482.03125,4
553.125,2388.28125,4
525.78125,2396.09375,4
529.6875,2458.59375,4
517.96875,2419.53125,4
417.96875,2270.3125,4
402.34375,2239.0625,4
410.15625,2254.6875,4
410.15625,2305.46875,4
429.6875,2219.53125,4
410.15625,2262.5,4
421.875,2231.25,4
433.59375,2223.4375,4
406.25,2227.34375,4
441.40625,2309.375,4
425.78125,2246.875,4
421.875,2235.15625,4
445.3125,2223.4375,4
429.6875,2239.0625,4
402.34375,2227.34375,4
472.65625,2285.9375,4
460.9375,2235.15625,4
437.5,2266.40625,4
449.21875,2262.5,4
441.40625,2246.875,4
406.25,2223.4375,4
445.3125,2246.875,4
441.40625,2219.53125,4
437.5,2231.25,4
402.34375,2336.71875,4
406.25,2313.28125,4
460.9375,2180.46875,4
589.84375,2344.53125,4
449.21875,2297.65625,4
496.09375,2278.125,4
480.46875,2274.21875,4
449.21875,2270.3125,4
414.0625,2246.875,4
441.40625,2254.6875,4
472.65625,2239.0625,4
414.0625,2262.5,4
406.25,2352.34375,4
402.34375,2328.90625,4
402.34375,2309.375,4
410.15625,2325,4
445.3125,2395.3125,4
421.875,2305.46875,4
601.5625,2297.65625,4
421.875,2332.8125,4
437.5,2242.96875,4
429.6875,2344.53125,4
429.6875,2278.125,4
417.96875,2242.96875,4
414.0625,2266.40625,4
410.15625,2258.59375,4
514.0625,2446.875,4
584.375,2411.71875,4
529.6875,2478.125,4
557.03125,2419.53125,4
549.21875,2458.59375,4
545.3125,2462.5,4
517.96875,2474.21875,4
514.0625,2392.1875,4
506.25,2372.65625,4
517.96875,2384.375,4
557.03125,2439.0625,4
537.5,2470.3125,4
529.6875,2536.71875,4
506.25,2536.71875,4
576.5625,2442.96875,4
560.9375,2439.0625,4
564.84375,2407.8125,4
529.6875,2532.8125,4
510.15625,2505.46875,4
510.15625,2446.875,4
541.40625,2505.46875,4
576.5625,2275,4
553.125,2353.125,4
549.21875,2384.375,4
549.21875,2357.03125,4
533.59375,2497.65625,4
525.78125,2474.21875,4
541.40625,2532.8125,4
510.15625,2442.96875,4
521.875,2400,4
517.96875,2439.0625,4
521.875,2478.125,4
514.0625,2501.5625,4
514.0625,2493.75,4
517.96875,2442.96875,4
521.875,2427.34375,4
502.34375,2493.75,4
517.96875,2368.75,4
537.5,2540.625,4
529.6875,2427.34375,4
506.25,2470.3125,4
541.40625,2454.6875,4
541.40625,2423.4375,4
533.59375,2400,4
545.3125,2571.875,4
549.21875,2482.03125,4
553.125,2388.28125,4
525.78125,2396.09375,4
529.6875,2458.59375,4
517.96875,2419.53125,4
417.96875,2270.3125,4
402.34375,2239.0625,4
410.15625,2254.6875,4
410.15625,2305.46875,4
429.6875,2219.53125,4
410.15625,2262.5,4
421.875,2231.25,4
433.59375,2223.4375,4
406.25,2227.34375,4
441.40625,2309.375,4
425.78125,2246.875,4
421.875,2235.15625,4
445.3125,2223.4375,4
429.6875,2239.0625,4
402.34375,2227.34375,4
472.65625,2285.9375,4
460.9375,2235.15625,4
437.5,2266.40625,4
449.21875,2262.5,4
441.40625,2246.875,4
406.25,2223.4375,4
445.3125,2246.875,4
441.40625,2219.53125,4
437.5,2231.25,4
402.34375,2336.71875,4
406.25,2313.28125,4
460.9375,2180.46875,4
589.84375,2344.53125,4
449.21875,2297.65625,4
496.09375,2278.125,4
480.46875,2274.21875,4
449.21875,2270.3125,4
414.0625,2246.875,4
441.40625,2254.6875,4
472.65625,2239.0625,4
414.0625,2262.5,4
406.25,2352.34375,4
402.34375,2328.90625,4
402.34375,2309.375,4
410.15625,2325,4
445.3125,2395.3125,4
421.875,2305.46875,4
601.5625,2297.65625,4
421.875,2332.8125,4
437.5,2242.96875,4
429.6875,2344.53125,4
429.6875,2278.125,4
417.96875,2242.96875,4
414.0625,2266.40625,4
410.15625,2258.59375,4
514.0625,2446.875,4
584.375,2411.71875,4
529.6875,2478.125,4
557.03125,2419.53125,4
549.21875,2458.59375,4
545.3125,2462.5,4
517.96875,2474.21875,4
514.0625,2392.1875,4
506.25,2372.65625,4
517.96875,2384.375,4
557.03125,2439.0625,4
537.5,2470.3125,4
529.6875,2536.71875,4
506.25,2536.71875,4
576.5625,2442.96875,4
560.9375,2439.0625,4
564.84375,2407.8125,4
529.6875,2532.8125,4
510.15625,2505.46875,4
510.15625,2446.875,4
541.40625,2505.46875,4
576.5625,2275,4
553.125,2353.125,4
549.21875,2384.375,4
549.21875,2357.03125,4
533.59375,2497.65625,4
525.78125,2474.21875,4
541.40625,2532.8125,4
510.15625,2442.96875,4
521.875,2400,4
517.96875,2439.0625,4
521.875,2478.125,4
514.0625,2501.5625,4
514.0625,2493.75,4
517.96875,2442.96875,4
521.875,2427.34375,4
502.34375,2493.75,4
517.96875,2368.75,4
537.5,2540.625,4
529.6875,2427.34375,4
506.25,2470.3125,4
541.40625,2454.6875,4
541.40625,2423.4375,4
533.59375,2400,4
545.3125,2571.875,4
549.21875,2482.03125,4
553.125,2388.28125,4
525.78125,2396.09375,4
529.6875,2458.59375,4
517.96875,2419.53125,4
417.96875,2270.3125,4
402.34375,2239.0625,4
410.15625,2254.6875,4
410.15625,2305.46875,4
429.6875,2219.53125,4
410.15625,2262.5,4
421.875,2231.25,4
433.59375,2223.4375,4
406.25,2227.34375,4
441.40625,2309.375,4
425.78125,2246.875,4
421.875,2235.15625,4
445.3125,2223.4375,4
429.6875,2239.0625,4
402.34375,2227.34375,4
472.65625,2285.9375,4
460.9375,2235.15625,4
437.5,2266.40625,4
449.21875,2262.5,4
441.40625,2246.875,4
406.25,2223.4375,4
445.3125,2246.875,4
441.40625,2219.53125,4
437.5,2231.25,4
402.34375,2336.71875,4
406.25,2313.28125,4
460.9375,2180.46875,4
589.84375,2344.53125,4
449.21875,2297.65625,4
496.09375,2278.125,4
480.46875,2274.21875,4
449.21875,2270.3125,4
414.0625,2246.875,4
441.40625,2254.6875,4
472.65625,2239.0625,4
414.0625,2262.5,4
406.25,2352.34375,4
402.34375,2328.90625,4
402.34375,2309.375,4
410.15625,2325,4
445.3125,2395.3125,4
421.875,2305.46875,4
601.5625,2297.65625,4
421.875,2332.8125,4
437.5,2242.96875,4
429.6875,2344.53125,4
429.6875,2278.125,4
417.96875,2242.96875,4
414.0625,2266.40625,4
410.15625,2258.59375,4
514.0625,2446.875,4
584.375,2411.71875,4
529.6875,2478.125,4
557.03125,2419.53125,4
549.21875,2458.59375,4
545.3125,2462.5,4
517.96875,2474.21875,4
514.0625,2392.1875,4
506.25,2372.65625,4
517.96875,2384.375,4
557.03125,2439.0625,4
537.5,2470.3125,4
529.6875,2536.71875,4
506.25,2536.71875,4
576.5625,2442.96875,4
560.9375,2439.0625,4
564.84375,2407.8125,4
529.6875,2532.8125,4
510.15625,2505.46875,4
510.15625,2446.875,4
541.40625,2505.46875,4
576.5625,2275,4
553.125,2353.125,4
549.21875,2384.375,4
549.21875,2357.03125,4
533.59375,2497.65625,4
525.78125,2474.21875,4
541.40625,2532.8125,4
510.15625,2442.96875,4
521.875,2400,4
517.96875,2439.0625,4
521.875,2478.125,4
514.0625,2501.5625,4
514.0625,2493.75,4
517.96875,2442.96875,4
521.875,2427.34375,4
502.34375,2493.75,4
517.96875,2368.75,4
537.5,2540.625,4
529.6875,2427.34375,4
506.25,2470.3125,4
541.40625,2454.6875,4
541.40625,2423.4375,4
533.59375,2400,4
545.3125,2571.875,4
549.21875,2482.03125,4
553.125,2388.28125,4
525.78125,2396.09375,4
529.6875,2458.59375,4
517.96875,2419.53125,4
468.75,906.25,5
464.84375,886.71875,5
460.9375,875,5
449.21875,839.84375,5
464.84375,886.71875,5
464.84375,863.28125,5
468.75,886.71875,5
445.3125,878.90625,5
503.90625,914.0625,5
515.625,933.59375,5
617.1875,957.03125,5
531.25,914.0625,5
578.125,867.1875,5
609.375,925.78125,5
562.5,937.5,5
636.71875,921.875,5
578.125,925.78125,5
527.34375,917.96875,5
511.71875,781.25,5
507.8125,953.125,5
542.96875,828.125,5
566.40625,945.3125,5
539.0625,808.59375,5
496.09375,953.125,5
500,769.53125,5
500,773.4375,5
500,769.53125,5
503.90625,765.625,5
445.3125,863.28125,5
539.0625,945.3125,5
527.34375,921.875,5
507.8125,917.96875,5
511.71875,910.15625,5
484.375,898.4375,5
488.28125,894.53125,5
519.53125,898.4375,5
480.46875,839.84375,5
421.875,804.6875,5
464.84375,851.5625,5
437.5,851.5625,5
445.3125,828.125,5
433.59375,835.9375,5
441.40625,855.46875,5
441.40625,851.5625,5
441.40625,847.65625,5
437.5,851.5625,5
433.59375,832.03125,5
441.40625,777.34375,5
441.40625,832.03125,5
441.40625,859.375,5
441.40625,855.46875,5
437.5,824.21875,5
449.21875,847.65625,5
433.59375,808.59375,5
433.59375,824.21875,5
429.6875,843.75,5
417.96875,835.9375,5
421.875,851.5625,5
425.78125,839.84375,5
425.78125,832.03125,5
429.6875,832.03125,5
421.875,839.84375,5
425.78125,808.59375,5
429.6875,847.65625,5
425.78125,847.65625,5
425.78125,851.5625,5
429.6875,855.46875,5
437.5,859.375,5
406.25,820.3125,5
425.78125,851.5625,5
414.0625,816.40625,5
480.46875,914.0625,5
472.65625,937.5,5
472.65625,925.78125,5
468.75,914.0625,5
496.09375,941.40625,5
492.1875,937.5,5
484.375,921.875,5
480.46875,914.0625,5
484.375,898.4375,5
476.5625,898.4375,5
476.5625,863.28125,5
460.9375,898.4375,5
601.5625,929.6875,5
574.21875,898.4375,5
507.8125,867.1875,5
488.28125,890.625,5
484.375,867.1875,5
480.46875,902.34375,5
605.46875,937.5,5
441.40625,871.09375,5
457.03125,882.8125,5
507.8125,863.28125,5
406.25,878.90625,5
429.6875,867.1875,5
460.9375,863.28125,5
476.5625,847.65625,5
500,921.875,5
476.5625,917.96875,5
531.25,894.53125,5
418.75,806.25,5
414.84375,786.71875,5
410.9375,775,5
399.21875,739.84375,5
414.84375,786.71875,5
414.84375,763.28125,5
418.75,786.71875,5
395.3125,778.90625,5
453.90625,814.0625,5
465.625,833.59375,5
567.1875,857.03125,5
481.25,814.0625,5
528.125,767.1875,5
559.375,825.78125,5
512.5,837.5,5
586.71875,821.875,5
528.125,825.78125,5
477.34375,817.96875,5
461.71875,681.25,5
457.8125,853.125,5
492.96875,728.125,5
516.40625,845.3125,5
489.0625,708.59375,5
446.09375,853.125,5
450,669.53125,5
450,673.4375,5
450,669.53125,5
453.90625,665.625,5
395.3125,763.28125,5
489.0625,845.3125,5
477.34375,821.875,5
457.8125,817.96875,5
461.71875,810.15625,5
434.375,798.4375,5
438.28125,794.53125,5
469.53125,798.4375,5
430.46875,739.84375,5
371.875,704.6875,5
414.84375,751.5625,5
387.5,751.5625,5
395.3125,728.125,5
383.59375,735.9375,5
391.40625,755.46875,5
391.40625,751.5625,5
391.40625,747.65625,5
387.5,751.5625,5
383.59375,732.03125,5
391.40625,677.34375,5
391.40625,732.03125,5
391.40625,759.375,5
391.40625,755.46875,5
387.5,724.21875,5
399.21875,747.65625,5
383.59375,708.59375,5
383.59375,724.21875,5
379.6875,743.75,5
367.96875,735.9375,5
371.875,751.5625,5
375.78125,739.84375,5
375.78125,732.03125,5
379.6875,732.03125,5
371.875,739.84375,5
375.78125,708.59375,5
379.6875,747.65625,5
375.78125,747.65625,5
375.78125,751.5625,5
379.6875,755.46875,5
387.5,759.375,5
356.25,720.3125,5
375.78125,751.5625,5
364.0625,716.40625,5
430.46875,814.0625,5
422.65625,837.5,5
422.65625,825.78125,5
418.75,814.0625,5
446.09375,841.40625,5
442.1875,837.5,5
434.375,821.875,5
430.46875,814.0625,5
434.375,798.4375,5
426.5625,798.4375,5
426.5625,763.28125,5
410.9375,798.4375,5
551.5625,829.6875,5
524.21875,798.4375,5
457.8125,767.1875,5
438.28125,790.625,5
434.375,767.1875,5
430.46875,802.34375,5
555.46875,837.5,5
391.40625,771.09375,5
407.03125,782.8125,5
457.8125,763.28125,5
356.25,778.90625,5
379.6875,767.1875,5
410.9375,763.28125,5
426.5625,747.65625,5
450,821.875,5
426.5625,817.96875,5
481.25,794.53125,5
418.75,806.25,5
414.84375,786.71875,5
410.9375,775,5
399.21875,739.84375,5
414.84375,786.71875,5
414.84375,763.28125,5
418.75,786.71875,5
395.3125,778.90625,5
453.90625,814.0625,5
465.625,833.59375,5
567.1875,857.03125,5
481.25,814.0625,5
528.125,767.1875,5
559.375,825.78125,5
512.5,837.5,5
586.71875,821.875,5
528.125,825.78125,5
477.34375,817.96875,5
461.71875,681.25,5
457.8125,853.125,5
492.96875,728.125,5
516.40625,845.3125,5
489.0625,708.59375,5
446.09375,853.125,5
450,669.53125,5
450,673.4375,5
450,669.53125,5
453.90625,665.625,5
395.3125,763.28125,5
489.0625,845.3125,5
477.34375,821.875,5
457.8125,817.96875,5
461.71875,810.15625,5
434.375,798.4375,5
438.28125,794.53125,5
469.53125,798.4375,5
430.46875,739.84375,5
371.875,704.6875,5
414.84375,751.5625,5
387.5,751.5625,5
395.3125,728.125,5
383.59375,735.9375,5
391.40625,755.46875,5
391.40625,751.5625,5
391.40625,747.65625,5
387.5,751.5625,5
383.59375,732.03125,5
391.40625,677.34375,5
391.40625,732.03125,5
391.40625,759.375,5
391.40625,755.46875,5
387.5,724.21875,5
399.21875,747.65625,5
383.59375,708.59375,5
383.59375,724.21875,5
379.6875,743.75,5
367.96875,735.9375,5
371.875,751.5625,5
375.78125,739.84375,5
375.78125,732.03125,5
379.6875,732.03125,5
371.875,739.84375,5
375.78125,708.59375,5
379.6875,747.65625,5
375.78125,747.65625,5
375.78125,751.5625,5
379.6875,755.46875,5
387.5,759.375,5
356.25,720.3125,5
375.78125,751.5625,5
364.0625,716.40625,5
430.46875,814.0625,5
422.65625,837.5,5
422.65625,825.78125,5
418.75,814.0625,5
446.09375,841.40625,5
442.1875,837.5,5
434.375,821.875,5
430.46875,814.0625,5
434.375,798.4375,5
426.5625,798.4375,5
426.5625,763.28125,5
410.9375,798.4375,5
551.5625,829.6875,5
524.21875,798.4375,5
457.8125,767.1875,5
438.28125,790.625,5
434.375,767.1875,5
430.46875,802.34375,5
555.46875,837.5,5
391.40625,771.09375,5
407.03125,782.8125,5
457.8125,763.28125,5
356.25,778.90625,5
379.6875,767.1875,5
410.9375,763.28125,5
426.5625,747.65625,5
450,821.875,5
426.5625,817.96875,5
481.25,794.53125,5
418.75,806.25,5
414.84375,786.71875,5
410.9375,775,5
399.21875,739.84375,5
414.84375,786.71875,5
414.84375,763.28125,5
418.75,786.71875,5
395.3125,778.90625,5
453.90625,814.0625,5
465.625,833.59375,5
567.1875,857.03125,5
481.25,814.0625,5
528.125,767.1875,5
559.375,825.78125,5
512.5,837.5,5
586.71875,821.875,5
528.125,825.78125,5
477.34375,817.96875,5
461.71875,681.25,5
457.8125,853.125,5
492.96875,728.125,5
516.40625,845.3125,5
489.0625,708.59375,5
446.09375,853.125,5
450,669.53125,5
450,673.4375,5
450,669.53125,5
453.90625,665.625,5
395.3125,763.28125,5
489.0625,845.3125,5
477.34375,821.875,5
457.8125,817.96875,5
461.71875,810.15625,5
434.375,798.4375,5
438.28125,794.53125,5
469.53125,798.4375,5
430.46875,739.84375,5
371.875,704.6875,5
414.84375,751.5625,5
387.5,751.5625,5
395.3125,728.125,5
383.59375,735.9375,5
391.40625,755.46875,5
391.40625,751.5625,5
391.40625,747.65625,5
387.5,751.5625,5
383.59375,732.03125,5
391.40625,677.34375,5
391.40625,732.03125,5
391.40625,759.375,5
391.40625,755.46875,5
387.5,724.21875,5
399.21875,747.65625,5
383.59375,708.59375,5
383.59375,724.21875,5
379.6875,743.75,5
367.96875,735.9375,5
371.875,751.5625,5
375.78125,739.84375,5
375.78125,732.03125,5
379.6875,732.03125,5
371.875,739.84375,5
375.78125,708.59375,5
379.6875,747.65625,5
375.78125,747.65625,5
375.78125,751.5625,5
379.6875,755.46875,5
387.5,759.375,5
356.25,720.3125,5
375.78125,751.5625,5
364.0625,716.40625,5
430.46875,814.0625,5
422.65625,837.5,5
422.65625,825.78125,5
418.75,814.0625,5
446.09375,841.40625,5
442.1875,837.5,5
434.375,821.875,5
430.46875,814.0625,5
434.375,798.4375,5
426.5625,798.4375,5
426.5625,763.28125,5
410.9375,798.4375,5
551.5625,829.6875,5
524.21875,798.4375,5
457.8125,767.1875,5
438.28125,790.625,5
434.375,767.1875,5
430.46875,802.34375,5
555.46875,837.5,5
391.40625,771.09375,5
407.03125,782.8125,5
457.8125,763.28125,5
356.25,778.90625,5
379.6875,767.1875,5
410.9375,763.28125,5
426.5625,747.65625,5
450,821.875,5
426.5625,817.96875,5
481.25,794.53125,5
418.75,806.25,5
414.84375,786.71875,5
410.9375,775,5
399.21875,739.84375,5
414.84375,786.71875,5
414.84375,763.28125,5
418.75,786.71875,5
395.3125,778.90625,5
453.90625,814.0625,5
465.625,833.59375,5
567.1875,857.03125,5
481.25,814.0625,5
528.125,767.1875,5
559.375,825.78125,5
512.5,837.5,5
586.71875,821.875,5
528.125,825.78125,5
477.34375,817.96875,5
461.71875,681.25,5
457.8125,853.125,5
492.96875,728.125,5
516.40625,845.3125,5
489.0625,708.59375,5
446.09375,853.125,5
450,669.53125,5
450,673.4375,5
450,669.53125,5
453.90625,665.625,5
395.3125,763.28125,5
489.0625,845.3125,5
477.34375,821.875,5
457.8125,817.96875,5
461.71875,810.15625,5
434.375,798.4375,5
438.28125,794.53125,5
469.53125,798.4375,5
430.46875,739.84375,5
371.875,704.6875,5
414.84375,751.5625,5
387.5,751.5625,5
395.3125,728.125,5
383.59375,735.9375,5
391.40625,755.46875,5
391.40625,751.5625,5
391.40625,747.65625,5
387.5,751.5625,5
383.59375,732.03125,5
391.40625,677.34375,5
391.40625,732.03125,5
391.40625,759.375,5
391.40625,755.46875,5
387.5,724.21875,5
399.21875,747.65625,5
383.59375,708.59375,5
383.59375,724.21875,5
379.6875,743.75,5
367.96875,735.9375,5
371.875,751.5625,5
375.78125,739.84375,5
375.78125,732.03125,5
379.6875,732.03125,5
371.875,739.84375,5
375.78125,708.59375,5
379.6875,747.65625,5
375.78125,747.65625,5
375.78125,751.5625,5
379.6875,755.46875,5
387.5,759.375,5
356.25,720.3125,5
375.78125,751.5625,5
364.0625,716.40625,5
430.46875,814.0625,5
422.65625,837.5,5
422.65625,825.78125,5
418.75,814.0625,5
446.09375,841.40625,5
442.1875,837.5,5
434.375,821.875,5
430.46875,814.0625,5
434.375,798.4375,5
426.5625,798.4375,5
426.5625,763.28125,5
410.9375,798.4375,5
551.5625,829.6875,5
524.21875,798.4375,5
457.8125,767.1875,5
438.28125,790.625,5
434.375,767.1875,5
430.46875,802.34375,5
555.46875,837.5,5
391.40625,771.09375,5
407.03125,782.8125,5
457.8125,763.28125,5
356.25,778.90625,5
379.6875,767.1875,5
410.9375,763.28125,5
426.5625,747.65625,5
450,821.875,5
426.5625,817.96875,5
481.25,794.53125,5
418.75,806.25,5
414.84375,786.71875,5
410.9375,775,5
399.21875,739.84375,5
414.84375,786.71875,5
414.84375,763.28125,5
418.75,786.71875,5
395.3125,778.90625,5
453.90625,814.0625,5
465.625,833.59375,5
567.1875,857.03125,5
481.25,814.0625,5
528.125,767.1875,5
559.375,825.78125,5
512.5,837.5,5
586.71875,821.875,5
528.125,825.78125,5
477.34375,817.96875,5
461.71875,681.25,5
457.8125,853.125,5
492.96875,728.125,5
516.40625,845.3125,5
489.0625,708.59375,5
446.09375,853.125,5
450,669.53125,5
450,673.4375,5
450,669.53125,5
453.90625,665.625,5
395.3125,763.28125,5
489.0625,845.3125,5
477.34375,821.875,5
457.8125,817.96875,5
461.71875,810.15625,5
434.375,798.4375,5
438.28125,794.53125,5
469.53125,798.4375,5
430.46875,739.84375,5
371.875,704.6875,5
414.84375,751.5625,5
387.5,751.5625,5
395.3125,728.125,5
383.59375,735.9375,5
391.40625,755.46875,5
391.40625,751.5625,5
391.40625,747.65625,5
387.5,751.5625,5
383.59375,732.03125,5
391.40625,677.34375,5
391.40625,732.03125,5
391.40625,759.375,5
391.40625,755.46875,5
387.5,724.21875,5
399.21875,747.65625,5
383.59375,708.59375,5
383.59375,724.21875,5
379.6875,743.75,5
367.96875,735.9375,5
371.875,751.5625,5
375.78125,739.84375,5
375.78125,732.03125,5
379.6875,732.03125,5
371.875,739.84375,5
375.78125,708.59375,5
379.6875,747.65625,5
375.78125,747.65625,5
375.78125,751.5625,5
379.6875,755.46875,5
387.5,759.375,5
356.25,720.3125,5
375.78125,751.5625,5
364.0625,716.40625,5
430.46875,814.0625,5
422.65625,837.5,5
422.65625,825.78125,5
418.75,814.0625,5
446.09375,841.40625,5
442.1875,837.5,5
434.375,821.875,5
430.46875,814.0625,5
434.375,798.4375,5
426.5625,798.4375,5
426.5625,763.28125,5
410.9375,798.4375,5
551.5625,829.6875,5
524.21875,798.4375,5
457.8125,767.1875,5
438.28125,790.625,5
434.375,767.1875,5
430.46875,802.34375,5
555.46875,837.5,5
391.40625,771.09375,5
407.03125,782.8125,5
457.8125,763.28125,5
356.25,778.90625,5
379.6875,767.1875,5
410.9375,763.28125,5
426.5625,747.65625,5
450,821.875,5
426.5625,817.96875,5
481.25,794.53125,5
